Metric,Train,Validation,Test
Accuracy,"precision    50.114286
recall       50.114286
f1-score     50.114286
support      50.114286
Name: accuracy, dtype: float64","precision    50.26
recall       50.26
f1-score     50.26
support      50.26
Name: accuracy, dtype: float64","precision    49.08
recall       49.08
f1-score     49.08
support      49.08
Name: accuracy, dtype: float64"
Precision (Cat),50.11248593925759,50.251645373596595,49.102263856362214
Precision (Dog),50.11614401858304,50.268928423665706,49.056603773584904
Recall (Cat),50.91428571428571,51.92,50.32
Recall (Dog),49.31428571428572,48.6,47.839999999999996
F1-Score (Cat),50.51020408163265,51.07220145583317,49.70367443698143
F1-Score (Dog),49.71198156682028,49.42037827943868,48.44066423653301
